Date,Link
2022-10-04 10:46:14,https://nhadatvui.vn/ban-dat-xa-an-thanh-huyen-thanh-phu/chinh-chu-can-ban-lo-dat-tam-huyet-vi-tri-mat-tien-dep-1664855174
2022-10-04 10:29:46,https://nhadatvui.vn/ban-dat-xa-duc-thuong-huyen-hoai-duc/can-ban-dat-duc-thuong-hoai-duc-96m-o-to-6-ty1664854185
2022-10-04 10:27:32,https://nhadatvui.vn/ban-dat-xa-hong-thai-huyen-bac-binh/380-trieu-dau-tu-bds-o-dau-de-x3-x5-tai-san-1664854051
2022-10-04 10:20:17,https://nhadatvui.vn/ban-dat-xa-la-nga-huyen-dinh-quan/chu-can-ban-manh-vuon-1669m2-thuoc-xa-la-nga-dinh-quan-dong-nai1659512100
2022-10-04 10:19:30,https://nhadatvui.vn/ban-dat-phuong-tan-phong-tp-bien-hoa/dat-doi-dien-benh-vien-7b-tan-phong-100m2-gia-4-ty-600-1664853569
2022-10-04 10:13:39,https://nhadatvui.vn/ban-dat-xa-chau-phong-huyen-que-vo/chi-hon-ty-chut-co-ngay-1-lo-dat-nam-sat-kcn-que-vo-2-mo-rong-227-ha-cum-cong-nghiep1664853219
2022-10-04 10:05:29,https://nhadatvui.vn/ban-dat-xa-gia-canh-huyen-dinh-quan/ong-anh-can-tien-ban-gap-manh-dat-vuon-view-suoi-doi-nui-dep-ngay-thi-tran-dinh-quan1664852728
2022-10-04 10:04:32,https://nhadatvui.vn/ban-dat-phuong-tan-phu-quan-7/chinh-chu-ban-gap-lo-dat-1ty990-100m2-nguyen-thi-thap-phuong-tan-phu-quan-7-khu-dan-cu-dong-1664852671
2022-10-04 10:01:42,https://nhadatvui.vn/ban-dat-xa-mo-dao-huyen-que-vo/chinh-chu-can-ban-dat-que-vo-bac-ninh-dien-tich-92-3m2-mat-tien-4-2m-gia-1-8-ty-da-co-so-hong1664852502
2022-10-04 09:48:13,https://nhadatvui.vn/ban-dat-phuong-dien-bien-quan-ba-dinh/chinh-chu-ban-khu-dat-trung-tam-hanh-chinh-huyen-dien-khanh-gia-ban-cuc-tot1664851692
2022-10-04 09:24:07,https://nhadatvui.vn/ban-dat-phuong-1-tp-bao-loc/ban-gap-mieng-dat-de-danh-cho-con-du-hoc-phan-lan1664850246
2022-10-04 09:20:42,https://nhadatvui.vn/ban-dat-phuong-kien-hung-quan-ha-dong/chinh-chu-gui-ban-dat-khu-dau-gia-san-bong-mau-luong-kien-hung-ha-dong-hn-1664850042
2022-10-04 09:20:19,https://nhadatvui.vn/ban-dat-phuong-hoa-nghia-quan-duong-kinh/chi-hon-1-2-ty-co-62m-dat-to-10-hoa-nghia-duong-kinh-hai-phong1664850018
2022-10-04 09:11:36,https://nhadatvui.vn/ban-dat-xa-son-my-huyen-ham-tan/sieu-pham-lo-dat-2-mat-tien-1-6ha-nam-tren-truc-duong-tan-minh-son-my-1664849495
2022-10-04 08:48:29,https://nhadatvui.vn/ban-dat-phuong-long-thanh-my-tp-thu-duc/can-ban-gap-dat-tho-cu-duongnguyeenx-xien-q9-hem-6m-54m2-gia-3ty150-1659602753
2022-10-04 08:46:07,https://nhadatvui.vn/ban-dat-phuong-binh-trung-tay-tp-thu-duc/dat-nen-vi-tri-dac-dia-92m2-vuong-vuc-gia-1-99ty-ngay-duong-le-huu-kieu-binh-trung-tay-quan-2-khong-vuong-quy-hoach1664847966
2022-10-04 08:43:04,https://nhadatvui.vn/ban-dat-phuong-vinh-phuc-quan-ba-dinh/dat-hiem-ba-dinh-o-to-5-cho-tranh-nhau-ma-gia-co-160tr-m2-xay-biet-phu-qua-dep1664847783
2022-10-04 08:38:59,https://nhadatvui.vn/ban-dat-phuong-tan-thanh-quan-duong-kinh/600m2-dat-tho-cu-tan-lap-tan-thanh-duong-kinh-hp-gia-hon-10tr1664847539
2022-10-04 08:27:59,https://nhadatvui.vn/ban-dat-phuong-phu-hoa-tp-thu-dau-mot/dat-phu-hoa-hem-147-nguyen-thi-minh-khai-binh-duong1664846879
2022-10-04 08:16:09,https://nhadatvui.vn/ban-dat-xa-phu-loc-huyen-krong-nang/toi-chinh-chu-can-ra-di-gap-3-lo-dat-nen-tai-trung-tam-huyen-krong-nang1664846168
2022-10-04 08:13:51,https://nhadatvui.vn/ban-dat-xa-phu-loc-huyen-krong-nang/ban-dat-nen-so-do-tai-trung-tam-huyen-krong-nang1664846030
2022-10-04 08:10:43,https://nhadatvui.vn/ban-dat-xa-phu-loc-huyen-krong-nang/toi-chinh-chu-can-ra-di-gap-3-lo-dat-nen-tai-trung-tam-huyen-krong-nang1664845842
2022-10-04 07:52:33,https://nhadatvui.vn/ban-dat-phuong-vinh-hoa-tp-nha-trang/ban-lo-04-o5-duong-le-cong-hanh-khu-tay-muong-phuong-vinh-hoa-nha-trang-chi-3-ty-bao-sang-ten-1664844752
2022-10-04 07:51:11,https://nhadatvui.vn/ban-dat-phuong-10-tp-da-lat/ban-lo-dat-xay-dung-khe-sanh-view-dep-p101664844670
2022-10-04 07:47:57,https://nhadatvui.vn/ban-dat-phuong-7-tp-da-lat/ban-lo-dat-hon-500m2-da-phu-chie-3-2-ty-p71664844476
2022-10-04 07:39:10,https://nhadatvui.vn/ban-dat-phuong-tan-tien-tp-bien-hoa/dat-ngop-sau-benh-vien-7b-tan-tien-bien-hoa-65m2-gia-3-ty-700-1664843950
2022-10-04 07:30:56,https://nhadatvui.vn/ban-dat-xa-dien-lac-huyen-dien-khanh/chinh-chu-ban-dat-trung-tam-hanh-chinh-huyen-dien-khanh-gia-cuc-tot1664843456
2022-10-04 07:12:17,https://nhadatvui.vn/ban-dat-phuong-thanh-xuan-nam-quan-thanh-xuan/ban-nha-pho-trieu-khuc-quan-thanh-xuan-dt-48m-mt5m-4-85-ty-nha-dep-o-ngay1664842336
2022-10-04 07:01:07,https://nhadatvui.vn/ban-dat-phuong-phuc-dong-quan-long-bien/can-ban-gap-lo-dat-pho-nguyen-van-linh-o-to-65-m2-mt-4-m-chi-5-ty-1664841666
2022-10-03 22:31:28,https://nhadatvui.vn/ban-dat-xa-binh-my-huyen-cu-chi/dat-2-mat-tien-dso-171-3800m2-tho-cu-duong-xe-container-b-my-cu-chi-12-trieu-m21664811087
2022-10-03 22:13:46,https://nhadatvui.vn/ban-dat-phuong-bien-giang-quan-ha-dong/ban-102m2-gia-2-58-ty-dat-tai-an-thang-bien-giang-so-do-truoc-sau-nhu-1-o-to-vao-dat1659440485
2022-10-03 21:16:13,https://nhadatvui.vn/ban-dat-phuong-khuong-trung-quan-thanh-xuan/ngon-bo-re-gia-dau-tu-ban-dat-tang-nha-ngo-211-khuong-trung-70m2-mat-tien-3-52m-4-2-ty1664806571
2022-10-03 20:53:27,https://nhadatvui.vn/ban-dat-xa-tan-thanh-dong-huyen-cu-chi/dat-cu-chi-mat-tien-duong-ben-than-9310m2-chi-70-ty1664805207
2022-10-03 20:30:44,https://nhadatvui.vn/ban-dat-phuong-11-tp-da-lat/8-6-ty-can-ban-203m2-dat-mat-tien-duong-trinh-hoai-duc-view-ngay-view-dem-cuc-dinh-toan-tp-da-lat1664803843
2022-10-03 20:18:03,https://nhadatvui.vn/ban-dat-xa-vinh-luong-tp-nha-trang/can-ban-nha-vuon-ven-nha-trang-cach-ben-xe-phia-bac-4km-cach-bien-5km-co-san-nha-cap-4-va-vuon-cay-an-trai-1664803082
2022-10-03 20:14:48,https://nhadatvui.vn/ban-dat-phuong-9-tp-da-lat/chinh-chu-chi-tu-noi-bat-1-lo-70m2-gia-ban-5-ty-tai-lu-gia-duong-o-to1664802888
2022-10-03 19:57:46,https://nhadatvui.vn/ban-dat-phuong-tam-phuoc-tp-bien-hoa/ba-n-dat-ma-t-tie-n-kdc-ti-n-nghi-a-116m-gia-2-6-ty-so-rieng-tho-cu1664801865
2022-10-03 19:33:53,https://nhadatvui.vn/ban-dat-xa-vinh-luong-tp-nha-trang/ngop-ngan-hang-can-ban-gap-830m2-co-225m2-dat-o-ngang-12m-no-hau-32m-mat-tien-quoc-lo-1a-thon-luong-hoa-xa-vinh1664800433
2022-10-03 18:43:42,https://nhadatvui.vn/ban-dat-xa-vinh-luong-tp-nha-trang/can-ban-nha-vuon-ven-nha-trang-cach-ben-xe-phia-bac-4km-cach-bien-5km-co-san-nha-cap-4-va-vuon-cay-an-trai-1664797421
2022-10-03 18:21:37,https://nhadatvui.vn/ban-dat-xa-vinh-luong-tp-nha-trang/ngop-ngan-hang-can-ban-gap-830m2-co-225m2-dat-o-ngang-12m-no-hau-32m-mat-tien-quoc-lo-1a-thon-luong-hoa-xa-vinh1664796096
2022-10-03 18:07:36,https://nhadatvui.vn/ban-dat-phuong-hai-thanh-quan-duong-kinh/hang-f0-dat-hai-thanh-duong-kinh-hai-phong-gia-hon-800-trieu-1664795256
2022-10-03 17:57:32,https://nhadatvui.vn/ban-dat-xa-tan-thanh-dong-huyen-cu-chi/dat-cu-chi-mat-tien-duong-ben-than-9310m2-chi-70-ty1664794651
2022-10-03 17:57:32,https://nhadatvui.vn/ban-dat-xa-tan-thanh-dong-huyen-cu-chi/dat-cu-chi-mat-tien-duong-ben-than-9310m2-chi-70-ty1664794651
2022-10-03 17:50:53,https://nhadatvui.vn/ban-dat-phuong-tan-thanh-quan-duong-kinh/600m2-dat-tho-cu-tan-lap-tan-thanh-duong-kinh-hp-gia-hon-10tr1664794252
2022-10-03 17:41:42,https://nhadatvui.vn/ban-dat-xa-xuan-thoi-son-huyen-hoc-mon/dat-hoc-mon-re-hon-cu-chi-mt-kenh-trung-uong-10200m2-chi-30-ty1664793702
2022-10-03 17:29:48,https://nhadatvui.vn/ban-dat-xa-xuan-thoi-son-huyen-hoc-mon/dat-hoc-mon-re-hon-cu-chi-mt-kenh-trung-uong-10200m2-chi-30-ty1664792987
2022-10-03 17:28:57,https://nhadatvui.vn/ban-dat-xa-phieng-luong-huyen-moc-chau/ban-dat-moc-chau-view-cuc-dep-dia-diem-tiem-nang-khai-thac-dau-tu-du-lich1664792937
2022-10-03 17:04:14,https://nhadatvui.vn/ban-dat-xa-duc-giang-huyen-hoai-duc/ban-dat-tang-nha-duc-giang-hoai-duc-222m-7-x-ty1664791454
2022-10-03 16:59:43,https://nhadatvui.vn/ban-dat-phuong-7-tp-ben-tre/chinh-chu-can-ban-dat-full-tho-cu-2mt-duong-nhua-so-3-va-so-81664791182
2022-10-03 16:54:19,https://nhadatvui.vn/ban-dat-xa-phieng-luong-huyen-moc-chau/ban-dat-moc-chau-view-cuc-dep-dia-diem-tiem-nang-khai-thac-dau-tu-du-lich1664790858
2022-10-03 16:33:52,https://nhadatvui.vn/ban-dat-xa-duc-giang-huyen-hoai-duc/ban-dat-tang-nha-duc-giang-hoai-duc-222m-7-x-ty1664789631
2022-10-03 16:24:11,https://nhadatvui.vn/ban-dat-xa-vinh-loc-a-huyen-binh-chanh/chinh-chu-can-ban-dat-tho-cu-vi-tri-vip-giao-dich-chinh-chu-vinh-loc-a-huyen-binh-chanh-tp-ho-chi-minh1664789050
2022-10-03 16:05:34,https://nhadatvui.vn/ban-dat-xa-nhan-co-huyen-dak-r-lap/chinh-chu-ban-dat-ray-view-suoi-co-nha-cap-4-tai-thon-8-nhan-co1664787933
2022-10-03 15:57:40,https://nhadatvui.vn/ban-dat-phuong-phuoc-hai-tp-nha-trang/ban-lo-dat-dep-dai-lo-nguyen-tat-thanh-thanh-pho-nha-trang-con-duong-di-xuong-san-bay-cam-ranh1664787460
2022-10-03 15:57:32,https://nhadatvui.vn/ban-dat-xa-huong-mac-thi-xa-tu-son/duy-nhat-1-lo-dat-huong-mac-gia-chi-8xtr-m21664787452
2022-10-03 15:56:13,https://nhadatvui.vn/ban-dat-phuong-hiep-an-tp-thu-dau-mot/can-ban-lo-dat-mat-tien-dai-lo-binh-duong-phuong-hiep-an-thanh-pho-thu-dau-mot1664787373
2022-10-03 15:55:11,https://nhadatvui.vn/ban-dat-phuong-tay-son-tp-pleiku/dat-trung-tam-phan-dinh-phung-gia-sieu-tot1664787310
2022-10-03 15:52:08,https://nhadatvui.vn/ban-dat-phuong-hoa-an-tp-bien-hoa/ban-dat-phuong-hoa-an-thanh-pho-bien-hoa-gia-re1664787127
2022-10-03 15:32:49,https://nhadatvui.vn/ban-dat-xa-ea-nuol-huyen-buon-don/ban-lo-dat-view-song-chinh-chu-tai-huyen-buon-don-dak-lak1664785969
2022-10-03 15:28:08,https://nhadatvui.vn/ban-dat-phuong-hoa-nghia-quan-duong-kinh/chu-nha-gui-ban-lo-dat-tai-to-10-hoa-nghia-duong-kinh-hai-phong1664785688
2022-10-03 15:21:15,https://nhadatvui.vn/ban-dat-phuong-tan-thanh-quan-duong-kinh/lo-dat-110m2-mat-duong-hoa-nghia-duong-kinh-hp-gia-chi-1-5-ty1664785274
2022-10-03 15:09:07,https://nhadatvui.vn/ban-dat-phuong-1-tp-bao-loc/tin-dau-dai-hoc-me-ban-dat-cho-con-xuong-sai-gon-thuc-hien-uoc-mo-1664784546
2022-10-03 14:53:23,https://nhadatvui.vn/ban-dat-phuong-hop-duc-quan-do-son/282m2-trung-nghia-hop-duc-do-son-hai-phong-gia-8tr1664783602
2022-10-03 14:53:20,https://nhadatvui.vn/ban-dat-xa-phu-xuan-huyen-nha-be/toi-can-ban-dat-lo-goc-khu-dan-cu-cotec-phu-xuan-nha-be-dien-tich-120m2-gia-chi-1ty740tr1664783600
2022-10-03 14:52:27,https://nhadatvui.vn/ban-dat-phuong-tay-thanh-quan-tan-phu/ban-gap-lo-dat-80m2-tai-mat-tien-duong-nguyen-huu-tien-quan-tan-phu-gia-1ty-790-so-hong-trao-tay1664783546
2022-10-03 14:47:54,https://nhadatvui.vn/ban-dat-xa-phu-loc-huyen-krong-nang/chu-can-ban-nhanh-2-lo-dat-vuong-dep-tai-phu-loc-krong-nang-dak-lak1664783274
2022-10-03 14:46:31,https://nhadatvui.vn/ban-dat-xa-binh-hung-huyen-binh-chanh/mo-ban-dot-2-kdc-happy-city-nguyen-van-linh-binh-chanh-so-rieng1664783190
2022-10-03 14:43:44,https://nhadatvui.vn/ban-dat-phuong-hiep-thanh-quan-12/ban-gap-lo-dat-90m2-duong-nguyen-thi-bup-hiep-thanh-quan-12-gia-1-7ty-so-rieng-tho-cu-100-1664783023
2022-10-03 14:18:11,https://nhadatvui.vn/ban-dat-phuong-tan-hung-quan-7/chinh-chu-di-nuoc-ngoai-ban-nhanh-lo-dat-85m2-gia-2-29ty-so-chinh-chu-ngay-nguyen-thi-thap-tan-hung-quan-71664781491
2022-10-03 14:08:28,https://nhadatvui.vn/ban-dat-xa-tan-lan-huyen-can-duoc/dat-mat-tien-co-so-hong-san-bot-loc-cho-khach-thien-chi-ho-tro-vay-800-trieu1664780908
2022-10-03 13:56:07,https://nhadatvui.vn/ban-dat-xa-phu-loc-huyen-krong-nang/dat-nen-so-do-trung-tam-hanh-chinh-huyen-krong-nang-ven-thi-xa-buon-ho1664780165
2022-10-03 13:55:41,https://nhadatvui.vn/ban-dat-xa-tan-lan-huyen-can-duoc/dat-chinh-chu-ket-tien-muon-sang-gap-145m2-mat-tien-o-duong-19-thang-51664780141
2022-10-03 13:54:48,https://nhadatvui.vn/ban-dat-phuong-thanh-khe-tay-quan-thanh-khe/phia-dong-buon-ho-dang-la-tam-diem-dat-nen-gia-tot-vao-cuoi-nam-2022-1664780088
2022-10-03 13:15:08,https://nhadatvui.vn/ban-dat-xa-hoai-chau-bac-thi-xa-hoai-nhon/chinh-chu-ban-3-lo-dat-2mt-duong-lon-gia-tot-tai-hoai-nhon-binh-dinh1664777707
2022-10-03 12:36:39,https://nhadatvui.vn/ban-dat-phuong-phu-loi-tp-thu-dau-mot/ban-dat-dau-tu-phu-loi-thu-dau-mot-binh-duong1664775399
2022-10-03 12:33:27,https://nhadatvui.vn/ban-dat-xa-tay-hoa-huyen-trang-bom/can-sang-lai-lo-dat-duong-tay-hoa-doi-61-xa-tay-hoa-huyen-trang-bom-dong-nai1664775207
2022-10-03 12:26:15,https://nhadatvui.vn/ban-dat-phuong-dien-ngoc-thi-xa-dien-ban/ban-lo-dat-dep-tai-green-city-dien-ngoc-huyen-dien-ban-quang-nam-1664774774
2022-10-03 11:26:15,https://nhadatvui.vn/ban-dat-xa-vinh-hoa-huyen-phu-giao/ban-gap-lo-dat-chinh-chu-gai-re-khu-vuc-phu-giao1664771175
2022-10-03 11:24:06,https://nhadatvui.vn/ban-dat-phuong-4-tp-da-lat/dat-biet-thu-hem-o-to-duong-da-lat-cach-ho-1-km1664771045
2022-10-03 11:18:11,https://nhadatvui.vn/ban-dat-xa-duc-giang-huyen-hoai-duc/ban-dat-duc-giang-hoai-duc-100m-duong-o-to-chi-6-ty1664770691
2022-10-03 10:38:06,https://nhadatvui.vn/ban-dat-xa-loc-ngai-huyen-bao-lam/dat-nen-bao-loc-lam-dong-so-hong-sang-ten-ngay-gia-re-dau-tu-tot-thanh-khoan-nhanh1664768286
2022-10-03 10:37:03,https://nhadatvui.vn/ban-dat-xa-duc-giang-huyen-hoai-duc/ban-dat-duc-giang-hoai-duc-100m-duong-o-to-chi-6-ty1664768223
2022-10-03 10:31:51,https://nhadatvui.vn/ban-dat-xa-phu-nghia-huyen-lac-thuy/ban-dat-tai-phu-nghia-lac-thuy-hoa-binh1664767911
2022-10-03 10:25:45,https://nhadatvui.vn/ban-dat-xa-son-thuy-huyen-mai-chau/chinh-chu-ban-lo-dat-bam-suoi-sieu-nghi-duong-tai-ba-khan-mai-chau-hoa-binh-7500m2-co-350m-tho-cu1664767544
2022-10-03 10:21:30,https://nhadatvui.vn/ban-dat-xa-phu-thanh-huyen-lac-thuy/ban-nhanh-lo-dat-mat-duong-ho-chi-minh-thuoc-dia-phan-xa-phu-thanh-lac-thuy-hoa-binh1664767290
2022-10-03 10:18:37,https://nhadatvui.vn/ban-dat-xa-chau-phong-huyen-que-vo/dat-nen-ven-khu-cong-nghiep-que-vo-1-2-3-dau-tu-tot-nhat-hien-nay1664767116
2022-10-03 10:18:09,https://nhadatvui.vn/ban-dat-xa-xuan-non-huyen-dong-anh/chinh-chu-gui-ban-58-3m-dat-luong-quy-xuan-non-dong-anh-1664767088
2022-10-03 09:45:00,https://nhadatvui.vn/ban-dat-xa-phuoc-kien-huyen-nha-be/ban-nhanh-10-nen-kdc-thanh-nhut-phuoc-kien-nha-be-80m2-gia-re-nhat-thi-truong-chi-1ty470-so-rieng-bao-sang-ten-1664765100
2022-10-03 09:32:29,https://nhadatvui.vn/ban-dat-xa-chau-phong-huyen-que-vo/co-hoi-tot-cho-nha-dau-tu-lai-x2-x3-dat-nen-kcn-bac-ninh-chi-tu-9tr-m2-so-hong-trao-tay-1664764349
2022-10-03 09:28:01,https://nhadatvui.vn/ban-dat-xa-long-phuoc-tp-ba-ria/ban-dat-ngay-trung-tam-long-phuoc-sau-cho-gia-re-hoi-1664764080
2022-10-03 09:21:45,https://nhadatvui.vn/ban-dat-phuong-iv-tp-vi-thanh/-ban-lo-nen-lk9-nam-ngay-trung-tam-du-an-doi-dien-cong-vien-cay-xanh-1664763705
2022-10-03 09:08:12,https://nhadatvui.vn/ban-dat-xa-phu-loc-huyen-krong-nang/chinh-chu-can-ra-di-nhanh-3-lo-dat-lien-ke-tai-trung-tam-huyen-krong-nang1664762891
2022-10-03 09:08:07,https://nhadatvui.vn/ban-dat-xa-ea-knuec-huyen-krong-pac/chinh-chu-gui-ban-lo-dat-dep-2-mat-tien-truc-qh26m-ea-knuec-krong-pac-dak-lak-1-07-ty-1664762886
2022-10-03 08:48:30,https://nhadatvui.vn/ban-dat-xa-quy-duc-huyen-binh-chanh/ban-cap-nen-tho-cu-duong-nguyen-van-thoi-xa-quy-duc-huyen-binh-chanh-tp-ho-chi-minh1664761709
2022-10-03 08:33:48,https://nhadatvui.vn/ban-dat-phuong-hop-duc-quan-do-son/ban-gap-80m2-dat-mat-duong-trung-nghia-hop-duc-do-son-hai-phong1664760828
2022-10-03 07:55:34,https://nhadatvui.vn/ban-dat-phuong-gia-thuy-quan-long-bien/can-ban-gap-lo-dat-mat-pho-nguyen-van-cu-100-m2-mt-4-m-chi-16-ty-1664758533
2022-10-03 07:17:27,https://nhadatvui.vn/ban-dat-xa-tan-lap-huyen-moc-chau/bat-dong-san-moc-chau-ban-dat-moc-chau-phu-hop-xay-dung-homestay1664756246
2022-10-02 23:46:53,https://nhadatvui.vn/ban-dat-thi-tran-bich-dong-huyen-viet-yen/chinh-chu-dao-han-ngan-hang-ban-cat-lo-lo-biet-thu-view-ho_so-do_gia-tot-1664729212
2022-10-02 22:44:06,https://nhadatvui.vn/ban-dat-phuong-kinh-bac-tp-bac-ninh/-hot-chinh-chu-ban-lo-dau-gia-niem-xa_nhin-vuon-hoa_gia-tot_so-do-1664725445
2022-10-02 22:39:12,https://nhadatvui.vn/ban-dat-phuong-vo-cuong-tp-bac-ninh/-sock-ban-lo-nguyen-quyen_nhin-nha-hang-toan-tinh-_dong-nam_so-do-trao-tay-1664725150
2022-10-02 22:34:35,https://nhadatvui.vn/ban-dat-thi-tran-bich-dong-huyen-viet-yen/-chinh-chu-can-tien-ban-lo-dat-duong-26m-truc-chinh-dong-bac-bich-dong-1664724872
2022-10-02 21:13:53,https://nhadatvui.vn/ban-dat-xa-loc-ngai-huyen-bao-lam/dat-nen-bao-loc-lam-dong-so-hong-sang-ten-ngay-gia-re-dau-tu-tot-thanh-khoan-nhanh1664720033
2022-10-02 20:36:31,https://nhadatvui.vn/ban-dat-phuong-my-dinh-1-quan-nam-tu-liem/ban-nha-khu-lien-co-2-mat-duong-o-to-tranh-via-he-2-ben-khu-phan-lo-dau-tu1664717790
2022-10-02 20:26:42,https://nhadatvui.vn/ban-dat-phuong-phu-dien-quan-bac-tu-liem/ban-nha-hoang-cong-chat-2-mat-duong-o-to-tranh-via-he-2-ben-khu-phan-lo-dau-tu1664717201
2022-10-02 20:24:20,https://nhadatvui.vn/ban-dat-phuong-phu-dien-quan-bac-tu-liem/manh-dat-lo-goc-sieu-dep-phu-dien-2-mat-duong-o-to-tranh-via-he-2-ben-khu-phan-lo-dau-tu1664717059
2022-10-02 20:00:32,https://nhadatvui.vn/ban-dat-phuong-viet-hung-quan-long-bien/can-ban-gap-lo-dat-mat-pho-le-mat-lo-goc-60-m2-mt-6-2-m-gia-chi-8-5-ty-1664715632
2022-10-02 19:11:36,https://nhadatvui.vn/ban-dat-phuong-vinh-hoa-tp-nha-trang/ban-dat-lo-04-o5-duong-le-cong-hanh-khu-tay-muong-phuong-vinh-hoa-nha-trang-3-ty-bao-sang-ten-1664712695
2022-10-02 19:01:31,https://nhadatvui.vn/ban-dat-phuong-vinh-hoa-tp-nha-trang/ban-dat-lo-04-o5-duong-le-cong-hanh-khu-tay-muong-phuong-vinh-hoa-nha-trang-3-ty-bao-sang-ten-1664712090
2022-10-02 18:41:08,https://nhadatvui.vn/ban-dat-xa-khanh-hiep-huyen-khanh-vinh/ban-gap-775m2-khanh-hiep-khanh-vinh-co-50m2-tho-cu-ngang-10m-sat-khu-dan-cu-chi-699tr-1664710867
2022-10-02 18:12:46,https://nhadatvui.vn/ban-dat-xa-khanh-hiep-huyen-khanh-vinh/ban-gap-775m2-khanh-hiep-khanh-vinh-co-50m2-tho-cu-ngang-10m-sat-khu-dan-cu-chi-699tr-1664709165
2022-10-02 17:46:47,https://nhadatvui.vn/ban-dat-phuong-phu-tho-tp-thu-dau-mot/dat-nen-dac-khu-hoa-lu-220m2-co-tho-cu-1001664707607
2022-10-02 17:27:34,https://nhadatvui.vn/ban-dat-phuong-ngoc-xuyen-quan-do-son/mat-duong-thanh-nien-ngoc-xuyen-do-son-hai-phong-100m2-gia-2-4-ty1664706453
2022-10-02 16:26:13,https://nhadatvui.vn/ban-dat-phuong-hoa-thanh-quan-tan-phu/chinh-chu-can-sang-gap-lo-dat-duong-luy-ban-bich-hoa-thanh-tan-phu-dien-tich-75m2-gia-1ty650tr1664702772
2022-10-02 16:19:18,https://nhadatvui.vn/ban-dat-phuong-tan-phu-tp-thu-duc/mo-vang-trieu-do-du-an-metro-valley-symbio-garden-tan-phu-quan-9-duong-d400-gia-1ty250-dt90m21664702358
2022-10-02 16:13:30,https://nhadatvui.vn/ban-dat-xa-long-duc-huyen-long-thanh/dat-full-tho-da-co-so-tai-long-thanh-can-ga-gap1664702009
2022-10-02 16:13:21,https://nhadatvui.vn/ban-dat-phuong-13-quan-binh-thanh/sang-gap-can-nha-duong-dang-thuy-tram-phuong-15-binh-thanh-dt-60m2-gia-3-5-ty-1664702001
2022-10-02 15:42:07,https://nhadatvui.vn/ban-dat-phuong-linh-xuan-tp-thu-duc/ban-14-nen-dat-mat-tien-suoi-cai-thu-duc-doi-dien-y-te-phuong-linh-xuan-gia-1-8-ty-1664700126
2022-10-02 15:25:21,https://nhadatvui.vn/ban-dat-phuong-mui-ne-tp-phan-thiet/dat-mat-tien-to-hieu-dien-tich-109m2-tho-cu-co-nha-cap-4-1664699121
2022-10-02 15:22:12,https://nhadatvui.vn/ban-dat-xa-loc-ngai-huyen-bao-lam/dat-nen-bao-loc-lam-dong-so-hong-sang-ten-ngay-gia-re-dau-tu-tot-thanh-khoan-nhanh1664698932
2022-10-02 15:00:30,https://nhadatvui.vn/ban-dat-phuong-xuan-hoa-tp-phuc-yen/ban-lo-dat-le-quang-dao-75m-view-ho-full-tho-cu-kinh-doanh-dinh-an-sinh-vip1664697629
2022-10-02 14:38:51,https://nhadatvui.vn/ban-dat-xa-tan-lap-huyen-moc-chau/ban-dat-moc-chau-phu-hop-dau-tu-luot-song-hoac-xay-dung-homestay-bat-dong-san-moc-chau1664696331
2022-10-02 14:32:35,https://nhadatvui.vn/ban-dat-xa-my-thai-huyen-lang-giang/chinh-chu-toi-ban-lo-my-thai-lang-giang-bg1664695955
2022-10-02 14:28:30,https://nhadatvui.vn/ban-dat-xa-tan-lap-huyen-moc-chau/bat-dong-san-moc-chau-ban-dat-moc-chau-phu-hop-xay-dung-homestay1664695709
2022-10-02 12:01:14,https://nhadatvui.vn/ban-dat-xa-hoa-long-tp-ba-ria/can-ban-lo-dat-biet-thu-gan-benh-vien-ba-ria1664686873
2022-10-02 11:05:28,https://nhadatvui.vn/ban-dat-xa-khanh-thuong-huyen-khanh-vinh/ban-lo-dat-khanh-thuong-khanh-vinh-view-suoi-thich-hop-nghi-duong1664683527
2022-10-02 11:04:10,https://nhadatvui.vn/ban-dat-xa-ninh-thuong-thi-xa-ninh-hoa/ban-dat-tai-khu-vuc-ninh-thuong-ninh-hoa1664683449
2022-10-02 11:03:19,https://nhadatvui.vn/ban-dat-phuong-phu-loi-tp-thu-dau-mot/ban-nhanh-mat-tien-dai-lo-binh-duong-thu-dau-mot1664683398
2022-10-02 10:57:30,https://nhadatvui.vn/ban-dat-xa-y-ty-huyen-bat-xat/dat-y-ty-ban-dat-y-ty-gia-re-tai-trung-tam-du-lich-y-ty1664683049
2022-10-02 10:43:34,https://nhadatvui.vn/ban-dat-xa-khanh-binh-huyen-khanh-vinh/ban-lo-dat-khanh-vinh-view-suoi-cuc-dep-gia-chi-380tr-co-duoc-gan-500m21664682213
2022-10-02 10:39:01,https://nhadatvui.vn/ban-dat-xa-long-duc-huyen-long-thanh/dat-full-tho-long-thanh-can-ban-gap-cong-chung-lien-trong-ngay1664681941
2022-10-02 10:37:08,https://nhadatvui.vn/ban-dat-xa-y-ty-huyen-bat-xat/dat-y-ty-ban-dat-y-ty-gia-re-tai-trung-tam-du-lich-y-ty1664681828
2022-10-02 10:05:19,https://nhadatvui.vn/ban-dat-thi-tran-thu-thua-huyen-thu-thua/dat-nam-tren-truc-duong-chinh-ket-noi-kcn-va-trung-tam-hanh-chinh1664679918
2022-10-02 09:55:27,https://nhadatvui.vn/ban-dat-xa-thanh-loi-huyen-ben-luc/ban-dat-vuon-dt-4900m2-xa-thanh-loi-ben-luc-long-an1664679326
2022-10-02 09:54:10,https://nhadatvui.vn/ban-dat-xa-phu-loc-huyen-krong-nang/toi-chinh-chu-can-ra-di-gap-3-lo-dat-nen-tai-trung-tam-huyen-krong-nang1664679249
2022-10-02 09:39:41,https://nhadatvui.vn/ban-dat-xa-dinh-trang-thuong-huyen-di-linh/chinh-chu-can-ban-dat-vuon-ca-phe-va-mot-so-cay-an-qua-khac-tai-dinh-trang-thuong-di-linh-lien-he-09870881871664678380
2022-10-02 09:27:14,https://nhadatvui.vn/ban-dat-phuong-hiep-thanh-quan-12/ban-gap-lo-dat-75m2-gia-1ty-690-tai-duong-hiep-thanh-27-phuong-hiep-thanh-quan-121664677634
2022-10-02 09:23:09,https://nhadatvui.vn/ban-dat-phuong-tang-nhon-phu-a-tp-thu-duc/can-ban-gap-dat-tho-cu-duong-le-van-viet-q9-hem-6m-80m2-gia-3ty7-1659433263
2022-10-02 09:16:30,https://nhadatvui.vn/ban-dat-phuong-hiep-thanh-quan-12/ngan-hang-vib-can-thanh-ly-dat-o-dien-tich-70m2-gia-1-79ty-da-co-so-bao-sang-ten-dat-full-tho-cu-100-1664676989
2022-10-02 06:12:49,https://nhadatvui.vn/ban-dat-phuong-thach-ban-quan-long-bien/can-ban-gap-lo-dat-pho-thach-ban-o-to-85-m2-mt-4-5-m-nhinh-6-ty-1664665968
2022-10-02 05:42:54,https://nhadatvui.vn/ban-dat-phuong-thong-nhat-tp-bien-hoa/dat-d2d-duong-d2-ngang-5m-thong-nhat-bien-hoa-75m2-gia-6-ty-100-1664664174
2022-10-01 23:33:19,https://nhadatvui.vn/ban-dat-xa-ta-phin-thi-xa-sa-pa/ban-dat-sapa-ban-dat-view-ruong-bac-thang-sieu-dep-dat-nen-sapa1664641998
2022-10-01 23:15:12,https://nhadatvui.vn/ban-dat-xa-ta-phin-thi-xa-sa-pa/ban-dat-sapa-ban-dat-view-ruong-bac-thang-sieu-dep-bat-dong-san-sapa1664640912
2022-10-01 22:56:34,https://nhadatvui.vn/ban-dat-thi-tran-trau-quy-huyen-gia-lam/doc-nhat-ban-dat-231m2-thi-tran-trau-quy-gia-lam-o-to-tranh-chi-hon-60tr-m21664639793
2022-10-01 21:51:39,https://nhadatvui.vn/ban-dat-phuong-co-nhue-1-quan-bac-tu-liem/ban-dat-mat-ngo-oto-207-xuan-dinh-bac-tu-liem-ha-noi1664635898
2022-10-01 20:40:03,https://nhadatvui.vn/ban-dat-xa-phuoc-binh-huyen-long-thanh/hang-nong-lo-dat-re-5x20-tho-cu-gan-kcn-go-dau-gia-chi-1-ty-31664631602
2022-10-01 18:59:13,https://nhadatvui.vn/ban-dat-phuong-hoa-minh-quan-lien-chieu/ban-lo-dat-mat-tien-ke-ben-duong-ly-thai-tong-hoa-minh-lien-chieu-125m21664625552
2022-10-01 18:13:28,https://nhadatvui.vn/ban-dat-xa-lien-mac-huyen-me-linh/mo-ban-chuc-lo-tat-dat-tat-vang-duy-nhat-co-o-buon-ho-palama-2022-1664622807
2022-10-01 18:05:50,https://nhadatvui.vn/ban-dat-xa-loc-an-huyen-bao-lam/dat-view-doi-san-may-cuc-dinh-dau-tu-hay-nghi-duong-dieu-thich-hop1664622348
2022-10-01 17:08:15,https://nhadatvui.vn/ban-dat-xa-kham-lang-huyen-luc-nam/ban-nhanh-lo-dat-tiem-nang-o-trung-tam-kinh-te-kham-lang1664618894
2022-10-01 16:50:09,https://nhadatvui.vn/ban-dat-xa-tan-lac-huyen-bao-lam/dat-nen-bao-loc-lam-dong-gia-cuc-re-thanh-khoan-cuc-nhanh1664617808
2022-10-01 16:42:37,https://nhadatvui.vn/ban-dat-thi-tran-xuan-mai-huyen-chuong-my/chinh-chu-chuyen-nhuong-10000nm2-dat-cong-nghiep-san-xuat-giay-tai-chuong-my-ha-noi1664617356
2022-10-01 16:33:26,https://nhadatvui.vn/ban-dat-phuong-tan-tao-quan-binh-tan/ban-dat-tho-cu-68m2-hem-xe-hoi-phuong-tan-tao-quan-binh-tan1664616805
2022-10-01 16:16:21,https://nhadatvui.vn/ban-dat-xa-tan-xa-huyen-thach-that/lo-goc-75m-truc-chinh-tan-xa-mt-5m-100-tho-cu-duong-12m-san-so-gia-dau-tu1664615780
2022-10-01 15:31:30,https://nhadatvui.vn/ban-dat-phuong-thoi-hoa-thi-xa-ben-cat/ban-gap-lo-dat-mat-tien-duong-nhua-tai-my-phuoc-31664613089
2022-10-01 15:24:59,https://nhadatvui.vn/ban-dat-phuong-thanh-xuan-quan-12/dat-hxh-nhua-7m-to-ngoc-van-q12-54m2-nhinh-3-x-ty-09092516481664612699
2022-10-01 14:46:33,https://nhadatvui.vn/ban-dat-phuong-thoi-hoa-thi-xa-ben-cat/chinh-chu-can-ban-lo-dat-100m2-5x20m-ngay-kcn-my-phuoc-3-shr-dan-dong-gan-cho-vi-tri-dep-1664610393
2022-10-01 14:37:16,https://nhadatvui.vn/ban-dat-phuong-mui-ne-tp-phan-thiet/dat-mat-tien-huynh-thuc-khang-dien-tich-292m2-full-tho-cu1664609835
2022-10-01 14:35:38,https://nhadatvui.vn/ban-dat-phuong-ngoc-xuyen-quan-do-son/mat-duong-thanh-nien-ngoc-xuyen-do-son-hai-phong-100m2-gia-2-4-ty1664609737
2022-10-01 14:22:38,https://nhadatvui.vn/ban-dat-phuong-ngoc-xuyen-quan-do-son/lo-100m2-tuyen-2-thanh-nien-ngoc-xuyen-do-son-hai-phong-gia-2-4-ty1664608958
2022-10-01 13:44:44,https://nhadatvui.vn/ban-dat-xa-xuan-tho-tp-da-lat/ban-lo-dat-xuan-tho-310m2-1-2-ty-tp-da-lat1664606682
2022-10-01 13:14:20,https://nhadatvui.vn/ban-dat-phuong-binh-hung-hoa-a-quan-binh-tan/ban-709m2-dat-le-van-quoi-binh-hung-hoa-a-binh-tan-chi-74tr-m21664604859
2022-10-01 12:14:11,https://nhadatvui.vn/ban-dat-xa-yen-dinh-huyen-bac-me/chinh-chu-can-ban-dat-trang-trai-dien-tich-26ha-tai-km-18-xa-yen-dinh-huyen-bac-me-tinh-ha-giang1664601250